{
    "$schema": "https://raw.githubusercontent.com/grafana/grafana/main/docs/sources/developers/plugins/plugin.schema.json",
    "type": "datasource",
    "name": "Will-Test-Plugin",
    "id": "grafana-willtestplugin-datasource",
    "metrics": true,
    "info": {
        "description": "",
        "author": {
            "name": "Grafana"
        },
        "keywords": [
            "datasource"
        ],
        "logos": {
            "small": "img/logo.svg",
            "large": "img/logo.svg"
        },
        "links": [],
        "screenshots": [],
        "version": "1.0.0",
        "updated": "2024-12-09"
    },
    "dependencies": {
        "grafanaDependency": ">=10.4.0",
        "plugins": []
    },
    "buildMode": "production"
}